{
  "best_global_step": null,
  "best_metric": null,
  "best_model_checkpoint": null,
  "epoch": 1.0,
  "eval_steps": 500,
  "global_step": 44,
  "is_hyper_param_search": false,
  "is_local_process_zero": true,
  "is_world_process_zero": true,
  "log_history": [
    {
      "entropy": NaN,
      "epoch": 0.22889842632331903,
      "grad_norm": 1.3359375,
      "learning_rate": 4.487179487179488e-06,
      "logits/chosen": -0.6839085077847199,
      "logits/rejected": -0.996340596362252,
      "logps/chosen": -70.27988774776459,
      "logps/rejected": -25.082061219215394,
      "loss": 0.7204192638397217,
      "mean_token_accuracy": 0.15102114118635654,
      "num_tokens": 249272.0,
      "rewards/accuracies": 0.10625,
      "rewards/chosen": -0.019196641856979113,
      "rewards/margins": -0.03017000239342451,
      "rewards/rejected": 0.010973360452044289,
      "step": 10
    },
    {
      "entropy": NaN,
      "epoch": 0.45779685264663805,
      "grad_norm": 0.234375,
      "learning_rate": 3.205128205128206e-06,
      "logits/chosen": -0.5315433021430132,
      "logits/rejected": -0.7623750205481215,
      "logps/chosen": -55.14309408664703,
      "logps/rejected": -19.59450216293335,
      "loss": 0.6436005115509034,
      "mean_token_accuracy": 0.1108756646513939,
      "num_tokens": 493002.0,
      "rewards/accuracies": 0.175,
      "rewards/chosen": 0.06778347338549792,
      "rewards/margins": 0.13948442954570056,
      "rewards/rejected": -0.07170095588080586,
      "step": 20
    },
    {
      "entropy": NaN,
      "epoch": 0.6866952789699571,
      "grad_norm": 0.23828125,
      "learning_rate": 1.9230769230769234e-06,
      "logits/chosen": -0.514008022739387,
      "logits/rejected": -0.7842914870258426,
      "logps/chosen": -53.41673946380615,
      "logps/rejected": -19.807069778442383,
      "loss": 0.6213446617126465,
      "mean_token_accuracy": 0.11758570466190577,
      "num_tokens": 733315.0,
      "rewards/accuracies": 0.20625,
      "rewards/chosen": 0.11276856718759518,
      "rewards/margins": 0.23847536630928517,
      "rewards/rejected": -0.12570679895579814,
      "step": 30
    },
    {
      "entropy": NaN,
      "epoch": 0.9155937052932761,
      "grad_norm": 0.267578125,
      "learning_rate": 6.41025641025641e-07,
      "logits/chosen": -0.8151862062313586,
      "logits/rejected": -1.2046675796019661,
      "logps/chosen": -85.20772018432618,
      "logps/rejected": -32.22729787826538,
      "loss": 0.5546066761016846,
      "mean_token_accuracy": 0.1715828701853752,
      "num_tokens": 973977.0,
      "rewards/accuracies": 0.33125,
      "rewards/chosen": 0.23060532067902387,
      "rewards/margins": 0.45436704913154247,
      "rewards/rejected": -0.22376172817312182,
      "step": 40
    },
    {
      "epoch": 1.0,
      "eval_entropy": NaN,
      "eval_logits/chosen": -1.4656664276706677,
      "eval_logits/rejected": -2.000031583599614,
      "eval_logps/chosen": -63.64616510142451,
      "eval_logps/rejected": -25.19583407692287,
      "eval_loss": 0.5731510519981384,
      "eval_mean_token_accuracy": 0.31637121024339093,
      "eval_num_tokens": 1064480.0,
      "eval_rewards/accuracies": 0.2608695652173913,
      "eval_rewards/chosen": 0.27505930262091366,
      "eval_rewards/margins": 0.4406495815062005,
      "eval_rewards/rejected": -0.16559027467408907,
      "eval_runtime": 82.6602,
      "eval_samples_per_second": 2.19,
      "eval_steps_per_second": 0.278,
      "step": 44
    }
  ],
  "logging_steps": 10,
  "max_steps": 44,
  "num_input_tokens_seen": 0,
  "num_train_epochs": 1,
  "save_steps": 500,
  "stateful_callbacks": {
    "TrainerControl": {
      "args": {
        "should_epoch_stop": false,
        "should_evaluate": false,
        "should_log": false,
        "should_save": true,
        "should_training_stop": true
      },
      "attributes": {}
    }
  },
  "total_flos": 3.087022313354527e+17,
  "train_batch_size": 1,
  "trial_name": null,
  "trial_params": null
}
