{
  "best_global_step": null,
  "best_metric": null,
  "best_model_checkpoint": null,
  "epoch": 1.0,
  "eval_steps": 500,
  "global_step": 44,
  "is_hyper_param_search": false,
  "is_local_process_zero": true,
  "is_world_process_zero": true,
  "log_history": [
    {
      "entropy": NaN,
      "epoch": 0.22889842632331903,
      "grad_norm": 2.140625,
      "learning_rate": 4.487179487179488e-06,
      "logits/chosen": -4.029627717903681,
      "logits/rejected": -4.4111498473369455,
      "logps/chosen": -210.84902296066284,
      "logps/rejected": -141.6328971862793,
      "loss": 0.6386472702026367,
      "mean_token_accuracy": 0.5995892897248268,
      "num_tokens": 238752.0,
      "rewards/accuracies": 0.50625,
      "rewards/chosen": 0.12580739121622173,
      "rewards/margins": 0.20491858276072888,
      "rewards/rejected": -0.07911119072086877,
      "step": 10
    },
    {
      "entropy": 0.18358546351082622,
      "epoch": 0.45779685264663805,
      "grad_norm": 1.0,
      "learning_rate": 3.205128205128206e-06,
      "logits/chosen": -4.072589103562487,
      "logits/rejected": -4.420270932701024,
      "logps/chosen": -204.1011878967285,
      "logps/rejected": -142.30867915153505,
      "loss": 0.3482804536819458,
      "mean_token_accuracy": 0.6043928587809205,
      "num_tokens": 472059.0,
      "rewards/accuracies": 0.9,
      "rewards/chosen": 0.9595618234045105,
      "rewards/margins": 1.1617361736716703,
      "rewards/rejected": -0.20217435155573185,
      "step": 20
    },
    {
      "entropy": 0.1754886324517429,
      "epoch": 0.6866952789699571,
      "grad_norm": 0.6171875,
      "learning_rate": 1.9230769230769234e-06,
      "logits/chosen": -4.052283386230468,
      "logits/rejected": -4.407170325044264,
      "logps/chosen": -192.11282958984376,
      "logps/rejected": -144.57410979270935,
      "loss": 0.12802208662033082,
      "mean_token_accuracy": 0.6098928570747375,
      "num_tokens": 701930.0,
      "rewards/accuracies": 0.9875,
      "rewards/chosen": 2.0343315007630736,
      "rewards/margins": 2.6213099975138903,
      "rewards/rejected": -0.5869784923619591,
      "step": 30
    },
    {
      "entropy": NaN,
      "epoch": 0.9155937052932761,
      "grad_norm": 0.341796875,
      "learning_rate": 6.41025641025641e-07,
      "logits/chosen": -4.016312803200316,
      "logits/rejected": -4.374821848377945,
      "logps/chosen": -185.74243116378784,
      "logps/rejected": -144.3045530319214,
      "loss": 0.07225978374481201,
      "mean_token_accuracy": 0.6128839284181595,
      "num_tokens": 932224.0,
      "rewards/accuracies": 0.99375,
      "rewards/chosen": 2.6657864611595867,
      "rewards/margins": 3.32299899533391,
      "rewards/rejected": -0.6572125420221709,
      "step": 40
    },
    {
      "epoch": 1.0,
      "eval_entropy": 0.18327008252558502,
      "eval_logits/chosen": -4.055944117758963,
      "eval_logits/rejected": -4.46210015336604,
      "eval_logps/chosen": -184.84296782120416,
      "eval_logps/rejected": -147.47970945938775,
      "eval_loss": 0.04784919694066048,
      "eval_mean_token_accuracy": 0.6173332255819569,
      "eval_num_tokens": 1018955.0,
      "eval_rewards/accuracies": 1.0,
      "eval_rewards/chosen": 3.0853359595589014,
      "eval_rewards/margins": 3.780907392501831,
      "eval_rewards/rejected": -0.695571410915126,
      "eval_runtime": 148.0122,
      "eval_samples_per_second": 1.223,
      "eval_steps_per_second": 0.155,
      "step": 44
    }
  ],
  "logging_steps": 10,
  "max_steps": 44,
  "num_input_tokens_seen": 0,
  "num_train_epochs": 1,
  "save_steps": 500,
  "stateful_callbacks": {
    "TrainerControl": {
      "args": {
        "should_epoch_stop": false,
        "should_evaluate": false,
        "should_log": false,
        "should_save": true,
        "should_training_stop": true
      },
      "attributes": {}
    }
  },
  "total_flos": 2.9419599825823334e+17,
  "train_batch_size": 1,
  "trial_name": null,
  "trial_params": null
}
